"DATE","PRODUCT_NAME","METRIC","METRIC_VALUE"
"2024-03-01","NURTEC","NRx",94276
"2024-03-01","QULIPTA","NRx",42839
"2024-03-01","UBRELVY","NRx",75130
"2024-03-01","ZAVZPRET","NRx",2410
"2024-03-01","OVERALL","OCGRP_NRx",212245
"2024-03-01","OVERALL","OCGRP_TRx",518995
"2024-03-01","NURTEC","TRx",232239
"2024-03-01","QULIPTA","TRx",112639
"2024-03-01","UBRELVY","TRx",174117
"2024-03-01","ZAVZPRET","TRx",4120
"2024-02-01","NURTEC","NRx",86709
"2024-02-01","QULIPTA","NRx",39995
"2024-02-01","UBRELVY","NRx",68868
"2024-02-01","ZAVZPRET","NRx",2339
"2024-02-01","OVERALL","OCGRP_NRx",195572
"2024-02-01","OVERALL","OCGRP_TRx",479019
"2024-02-01","NURTEC","TRx",215015
"2024-02-01","QULIPTA","TRx",104062
"2024-02-01","UBRELVY","TRx",159942
"2024-02-01","ZAVZPRET","TRx",3913
"2024-01-01","NURTEC","NRx",90365
"2024-01-01","QULIPTA","NRx",39110
"2024-01-01","UBRELVY","NRx",70166
"2024-01-01","ZAVZPRET","NRx",1689
"2024-01-01","OVERALL","OCGRP_NRx",199641
"2024-01-01","OVERALL","OCGRP_TRx",505217
"2024-01-01","NURTEC","TRx",229582
"2024-01-01","QULIPTA","TRx",106227
"2024-01-01","UBRELVY","TRx",169408
"2024-01-01","ZAVZPRET","TRx",3236
"2023-12-01","NURTEC","NRx",90147
"2023-12-01","QULIPTA","NRx",36085
"2023-12-01","UBRELVY","NRx",67293
"2023-12-01","ZAVZPRET","NRx",1840
"2023-12-01","OVERALL","OCGRP_NRx",193525
"2023-12-01","OVERALL","OCGRP_TRx",515177
"2023-12-01","NURTEC","TRx",240886
"2023-12-01","QULIPTA","TRx",101548
"2023-12-01","UBRELVY","TRx",172743
"2023-12-01","ZAVZPRET","TRx",3586
"2023-11-01","NURTEC","NRx",86038
"2023-11-01","QULIPTA","NRx",35574
"2023-11-01","UBRELVY","NRx",65864
"2023-11-01","ZAVZPRET","NRx",1822
"2023-11-01","OVERALL","OCGRP_NRx",187476
"2023-11-01","OVERALL","OCGRP_TRx",488879
"2023-11-01","NURTEC","TRx",227183
"2023-11-01","QULIPTA","TRx",97890
"2023-11-01","UBRELVY","TRx",163806
"2023-11-01","ZAVZPRET","TRx",3137
"2023-10-01","NURTEC","NRx",87314
"2023-10-01","QULIPTA","NRx",35670
"2023-10-01","UBRELVY","NRx",68549
"2023-10-01","ZAVZPRET","NRx",2022
"2023-10-01","OVERALL","OCGRP_NRx",191533
"2023-10-01","OVERALL","OCGRP_TRx",489904
"2023-10-01","NURTEC","TRx",227084
"2023-10-01","QULIPTA","TRx",96501
"2023-10-01","UBRELVY","TRx",166319
"2023-10-01","ZAVZPRET","TRx",3187
"2023-09-01","NURTEC","NRx",79877
"2023-09-01","QULIPTA","NRx",32412
"2023-09-01","UBRELVY","NRx",62486
"2023-09-01","ZAVZPRET","NRx",1761
"2023-09-01","OVERALL","OCGRP_NRx",174775
"2023-09-01","OVERALL","OCGRP_TRx",445758
"2023-09-01","NURTEC","TRx",205680
"2023-09-01","QULIPTA","TRx",86694
"2023-09-01","UBRELVY","TRx",153384
"2023-09-01","ZAVZPRET","TRx",2566
"2023-08-01","NURTEC","NRx",85756
"2023-08-01","QULIPTA","NRx",34855
"2023-08-01","UBRELVY","NRx",67710
"2023-08-01","ZAVZPRET","NRx",1893
"2023-08-01","OVERALL","OCGRP_NRx",188321
"2023-08-01","OVERALL","OCGRP_TRx",473032
"2023-08-01","NURTEC","TRx",219734
"2023-08-01","QULIPTA","TRx",90136
"2023-08-01","UBRELVY","TRx",163162
"2023-08-01","ZAVZPRET","TRx",2113
"2023-07-01","NURTEC","NRx",75901
"2023-07-01","QULIPTA","NRx",29692
"2023-07-01","UBRELVY","NRx",59774
"2023-07-01","ZAVZPRET","NRx",944
"2023-07-01","OVERALL","OCGRP_NRx",165367
"2023-07-01","OVERALL","OCGRP_TRx",430609
"2023-07-01","NURTEC","TRx",201314
"2023-07-01","QULIPTA","TRx",80477
"2023-07-01","UBRELVY","TRx",148818
"2023-07-01","ZAVZPRET","TRx",948
"2023-06-01","NURTEC","NRx",80292
"2023-06-01","QULIPTA","NRx",30707
"2023-06-01","UBRELVY","NRx",64226
"2023-06-01","ZAVZPRET","NRx",4
"2023-06-01","OVERALL","OCGRP_NRx",175225
"2023-06-01","OVERALL","OCGRP_TRx",440927
"2023-06-01","NURTEC","TRx",206310
"2023-06-01","QULIPTA","TRx",80996
"2023-06-01","UBRELVY","TRx",153621
"2023-06-01","ZAVZPRET","TRx",4
"2023-05-01","NURTEC","NRx",76526
"2023-05-01","QULIPTA","NRx",29981
"2023-05-01","UBRELVY","NRx",63117
"2023-05-01","OVERALL","OCGRP_NRx",169624
"2023-05-01","OVERALL","OCGRP_TRx",430540
"2023-05-01","NURTEC","TRx",202294
"2023-05-01","QULIPTA","TRx",77958
"2023-05-01","UBRELVY","TRx",150288
"2023-04-01","NURTEC","NRx",74404
"2023-04-01","QULIPTA","NRx",26102
"2023-04-01","UBRELVY","NRx",59651
"2023-04-01","OVERALL","OCGRP_NRx",160157
"2023-04-01","OVERALL","OCGRP_TRx",396017
"2023-04-01","NURTEC","TRx",187313
"2023-04-01","QULIPTA","TRx",70343
"2023-04-01","UBRELVY","TRx",138361
"2023-03-01","NURTEC","NRx",79924
"2023-03-01","QULIPTA","NRx",28448
"2023-03-01","UBRELVY","NRx",65714
"2023-03-01","OVERALL","OCGRP_NRx",174086
"2023-03-01","OVERALL","OCGRP_TRx",420210
"2026-06-01","NURTEC","NRx",129357
"2026-06-01","QULIPTA","NRx",68967
"2026-06-01","UBRELVY","NRx",100262
"2026-06-01","ZAVZPRET","NRx",3545
"2026-06-01","OVERALL","OCGRP_NRx",298586
"2026-05-01","NURTEC","NRx",125016
"2026-05-01","QULIPTA","NRx",66695
"2026-05-01","UBRELVY","NRx",96157
"2026-05-01","ZAVZPRET","NRx",3367
"2026-05-01","OVERALL","OCGRP_NRx",287868
"2026-05-01","OVERALL","OCGRP_TRx",745456
"2026-05-01","NURTEC","TRx",324047
"2026-05-01","QULIPTA","TRx",185906
"2026-05-01","UBRELVY","TRx",235503
"2026-05-01","ZAVZPRET","TRx",6643
"2026-04-01","NURTEC","NRx",124081
"2026-04-01","QULIPTA","NRx",67570
"2026-04-01","UBRELVY","NRx",97087
"2026-04-01","ZAVZPRET","NRx",3434
"2026-04-01","OVERALL","OCGRP_NRx",288738
"2026-04-01","OVERALL","OCGRP_TRx",730266
"2026-04-01","NURTEC","TRx",315528
"2026-04-01","QULIPTA","TRx",183066
"2026-04-01","UBRELVY","TRx",231672
"2026-04-01","ZAVZPRET","TRx",6507
"2026-03-01","NURTEC","NRx",128626
"2026-03-01","QULIPTA","NRx",68468
"2026-03-01","UBRELVY","NRx",100240
"2026-03-01","ZAVZPRET","NRx",3337
"2026-03-01","OVERALL","OCGRP_NRx",297334
"2026-03-01","OVERALL","OCGRP_TRx",743435
"2026-03-01","NURTEC","TRx",319792
"2026-03-01","QULIPTA","TRx",184549
"2026-03-01","UBRELVY","TRx",239094
"2026-03-01","ZAVZPRET","TRx",6433
"2026-02-01","NURTEC","NRx",114909
"2026-02-01","QULIPTA","NRx",60752
"2026-02-01","UBRELVY","NRx",89364
"2026-02-01","ZAVZPRET","NRx",2963
"2026-02-01","OVERALL","OCGRP_NRx",265025
"2026-02-01","OVERALL","OCGRP_TRx",659255
"2026-02-01","NURTEC","TRx",281307
"2026-02-01","QULIPTA","TRx",162951
"2026-02-01","UBRELVY","TRx",214997
"2026-02-01","ZAVZPRET","TRx",5604
"2026-01-01","NURTEC","NRx",115784
"2026-01-01","QULIPTA","NRx",62208
"2026-01-01","UBRELVY","NRx",90816
"2026-01-01","ZAVZPRET","NRx",2928
"2026-01-01","OVERALL","OCGRP_NRx",268808
"2026-01-01","OVERALL","OCGRP_TRx",691987
"2026-01-01","NURTEC","TRx",293890
"2026-01-01","QULIPTA","TRx",170322
"2026-01-01","UBRELVY","TRx",227775
"2026-01-01","ZAVZPRET","TRx",5840
"2025-12-01","NURTEC","NRx",122094
"2025-12-01","QULIPTA","NRx",63738
"2025-12-01","UBRELVY","NRx",96917
"2025-12-01","ZAVZPRET","NRx",3261
"2025-12-01","OVERALL","OCGRP_NRx",282749
"2025-12-01","OVERALL","OCGRP_TRx",774218
"2025-12-01","NURTEC","TRx",331051
"2025-12-01","QULIPTA","TRx",184497
"2025-12-01","UBRELVY","TRx",258670
"2025-12-01","ZAVZPRET","TRx",6892
"2025-11-01","NURTEC","NRx",111370
"2025-11-01","QULIPTA","NRx",59373
"2025-11-01","UBRELVY","NRx",89570
"2025-11-01","ZAVZPRET","NRx",3128
"2025-11-01","OVERALL","OCGRP_NRx",260313
"2025-11-01","OVERALL","OCGRP_TRx",681182
"2025-11-01","NURTEC","TRx",289869
"2025-11-01","QULIPTA","TRx",164442
"2025-11-01","UBRELVY","TRx",226871
"2025-11-01","ZAVZPRET","TRx",6051
"2025-10-01","NURTEC","NRx",121522
"2025-10-01","QULIPTA","NRx",65211
"2025-10-01","UBRELVY","NRx",98274
"2025-10-01","ZAVZPRET","NRx",3445
"2025-10-01","OVERALL","OCGRP_NRx",285007
"2025-10-01","OVERALL","OCGRP_TRx",731658
"2025-10-01","NURTEC","TRx",310772
"2025-10-01","QULIPTA","TRx",177543
"2025-10-01","UBRELVY","TRx",243343
"2025-10-01","ZAVZPRET","TRx",6562
"2025-09-01","NURTEC","NRx",111271
"2025-09-01","QULIPTA","NRx",60730
"2025-09-01","UBRELVY","NRx",89552
"2025-09-01","ZAVZPRET","NRx",3039
"2025-09-01","OVERALL","OCGRP_NRx",261553
"2025-09-01","OVERALL","OCGRP_TRx",680635
"2025-09-01","NURTEC","TRx",288968
"2025-09-01","QULIPTA","TRx",165903
"2025-09-01","UBRELVY","TRx",225764
"2025-09-01","ZAVZPRET","TRx",5935
"2025-08-01","NURTEC","NRx",115255
"2025-08-01","QULIPTA","NRx",60564
"2025-08-01","UBRELVY","NRx",92453
"2025-08-01","ZAVZPRET","NRx",3157
"2025-08-01","OVERALL","OCGRP_NRx",268272
"2025-08-01","OVERALL","OCGRP_TRx",681762
"2025-08-01","NURTEC","TRx",291612
"2025-08-01","QULIPTA","TRx",162988
"2025-08-01","UBRELVY","TRx",227162
"2025-08-01","ZAVZPRET","TRx",5937
"2025-07-01","NURTEC","NRx",114661
"2025-07-01","QULIPTA","NRx",60287
"2025-07-01","UBRELVY","NRx",92804
"2025-07-01","ZAVZPRET","NRx",3050
"2025-07-01","OVERALL","OCGRP_NRx",267752
"2025-07-01","OVERALL","OCGRP_TRx",688714
"2025-07-01","NURTEC","TRx",294212
"2025-07-01","QULIPTA","TRx",165081
"2025-07-01","UBRELVY","TRx",229421
"2025-07-01","ZAVZPRET","TRx",5848
"2025-06-01","NURTEC","NRx",110453
"2025-06-01","QULIPTA","NRx",56556
"2025-06-01","UBRELVY","NRx",88005
"2025-06-01","ZAVZPRET","NRx",2967
"2025-06-01","OVERALL","OCGRP_NRx",255014
"2025-06-01","OVERALL","OCGRP_TRx",654636
"2025-06-01","NURTEC","TRx",282570
"2025-06-01","QULIPTA","TRx",154496
"2025-06-01","UBRELVY","TRx",217570
"2025-06-01","ZAVZPRET","TRx",5643
"2025-05-01","NURTEC","NRx",110118
"2025-05-01","QULIPTA","NRx",57127
"2025-05-01","UBRELVY","NRx",88048
"2025-05-01","ZAVZPRET","NRx",2991
"2025-05-01","OVERALL","OCGRP_NRx",255293
"2025-05-01","OVERALL","OCGRP_TRx",654965
"2025-05-01","NURTEC","TRx",282262
"2025-05-01","QULIPTA","TRx",156089
"2025-05-01","UBRELVY","TRx",216614
"2025-05-01","ZAVZPRET","TRx",5618
"2025-04-01","NURTEC","NRx",106678
"2025-04-01","QULIPTA","NRx",55301
"2025-04-01","UBRELVY","NRx",85179
"2025-04-01","ZAVZPRET","NRx",2719
"2025-04-01","OVERALL","OCGRP_NRx",247158
"2025-04-01","OVERALL","OCGRP_TRx",630564
"2025-04-01","NURTEC","TRx",272118
"2025-04-01","QULIPTA","TRx",150705
"2025-04-01","UBRELVY","TRx",207741
"2025-04-01","ZAVZPRET","TRx",5161
"2025-03-01","NURTEC","NRx",110170
"2025-03-01","QULIPTA","NRx",55663
"2025-03-01","UBRELVY","NRx",86930
"2025-03-01","ZAVZPRET","NRx",2770
"2025-03-01","OVERALL","OCGRP_NRx",252763
"2025-03-01","OVERALL","OCGRP_TRx",628745
"2025-03-01","NURTEC","TRx",273629
"2025-03-01","QULIPTA","TRx",148047
"2025-03-01","UBRELVY","TRx",207069
"2025-03-01","ZAVZPRET","TRx",5159
"2025-02-01","NURTEC","NRx",100499
"2025-02-01","QULIPTA","NRx",50464
"2025-02-01","UBRELVY","NRx",78732
"2025-02-01","ZAVZPRET","NRx",2470
"2025-02-01","OVERALL","OCGRP_NRx",229695
"2025-02-01","OVERALL","OCGRP_TRx",558946
"2025-02-01","NURTEC","TRx",242770
"2025-02-01","QULIPTA","TRx",132749
"2025-02-01","UBRELVY","TRx",183427
"2025-02-01","ZAVZPRET","TRx",4511
"2025-01-01","NURTEC","NRx",102005
"2025-01-01","QULIPTA","NRx",52088
"2025-01-01","UBRELVY","NRx",80068
"2025-01-01","ZAVZPRET","NRx",2439
"2025-01-01","OVERALL","OCGRP_NRx",234161
"2025-01-01","OVERALL","OCGRP_TRx",590487
"2025-01-01","NURTEC","TRx",255251
"2025-01-01","QULIPTA","TRx",139756
"2025-01-01","UBRELVY","TRx",195480
"2025-01-01","ZAVZPRET","TRx",4785
"2023-03-01","NURTEC","TRx",198056
"2023-03-01","QULIPTA","TRx",74011
"2023-03-01","UBRELVY","TRx",148143
"2023-02-01","NURTEC","NRx",69414
"2023-02-01","QULIPTA","NRx",23741
"2023-02-01","UBRELVY","NRx",57291
"2023-02-01","OVERALL","OCGRP_NRx",150446
"2023-02-01","OVERALL","OCGRP_TRx",359358
"2023-02-01","NURTEC","TRx",172110
"2023-02-01","QULIPTA","TRx",61232
"2023-02-01","UBRELVY","TRx",126016
"2023-01-01","NURTEC","NRx",70627
"2023-01-01","QULIPTA","NRx",24401
"2023-01-01","UBRELVY","NRx",57546
"2023-01-01","OVERALL","OCGRP_NRx",152574
"2023-01-01","OVERALL","OCGRP_TRx",378356
"2023-01-01","NURTEC","TRx",179995
"2023-01-01","QULIPTA","TRx",64965
"2023-01-01","UBRELVY","TRx",133396
"2022-12-01","NURTEC","NRx",82390
"2022-12-01","QULIPTA","NRx",23098
"2022-12-01","UBRELVY","NRx",57043
"2022-12-01","OVERALL","OCGRP_NRx",162531
"2022-12-01","OVERALL","OCGRP_TRx",410889
"2022-12-01","NURTEC","TRx",208127
"2022-12-01","QULIPTA","TRx",63660
"2022-12-01","UBRELVY","TRx",139102
"2022-11-01","NURTEC","NRx",77317
"2022-11-01","QULIPTA","NRx",21837
"2022-11-01","UBRELVY","NRx",54666
"2022-11-01","OVERALL","OCGRP_NRx",153820
"2022-11-01","OVERALL","OCGRP_TRx",377863
"2022-11-01","NURTEC","TRx",190120
"2022-11-01","QULIPTA","TRx",58075
"2022-11-01","UBRELVY","TRx",129668
"2022-10-01","NURTEC","NRx",77030
"2022-10-01","QULIPTA","NRx",21571
"2022-10-01","UBRELVY","NRx",55365
"2022-10-01","OVERALL","OCGRP_NRx",153966
"2022-10-01","OVERALL","OCGRP_TRx",373808
"2022-10-01","NURTEC","TRx",186023
"2022-10-01","QULIPTA","TRx",56508
"2022-10-01","UBRELVY","TRx",131277
"2022-09-01","NURTEC","NRx",75331
"2022-09-01","QULIPTA","NRx",21054
"2022-09-01","UBRELVY","NRx",57016
"2022-09-01","OVERALL","OCGRP_NRx",153401
"2022-09-01","OVERALL","OCGRP_TRx",369158
"2022-09-01","NURTEC","TRx",178132
"2022-09-01","QULIPTA","TRx",54619
"2022-09-01","UBRELVY","TRx",136407
"2022-08-01","NURTEC","NRx",77787
"2022-08-01","QULIPTA","NRx",21317
"2022-08-01","UBRELVY","NRx",60162
"2022-08-01","OVERALL","OCGRP_NRx",159266
"2022-08-01","OVERALL","OCGRP_TRx",379168
"2022-08-01","NURTEC","TRx",182959
"2022-08-01","QULIPTA","TRx",53693
"2022-08-01","UBRELVY","TRx",142516
"2022-07-01","NURTEC","NRx",68356
"2022-07-01","QULIPTA","NRx",17840
"2022-07-01","UBRELVY","NRx",54705
"2022-07-01","OVERALL","OCGRP_NRx",140901
"2022-07-01","OVERALL","OCGRP_TRx",340930
"2022-07-01","NURTEC","TRx",161117
"2022-07-01","QULIPTA","TRx",45301
"2022-07-01","UBRELVY","TRx",134512
"2022-06-01","NURTEC","NRx",67287
"2022-06-01","QULIPTA","NRx",18229
"2022-06-01","UBRELVY","NRx",57814
"2022-06-01","OVERALL","OCGRP_NRx",143330
"2022-06-01","OVERALL","OCGRP_TRx",345281
"2022-06-01","NURTEC","TRx",160952
"2022-06-01","QULIPTA","TRx",44305
"2022-06-01","UBRELVY","TRx",140024
"2022-05-01","NURTEC","NRx",63748
"2022-05-01","QULIPTA","NRx",16498
"2022-05-01","UBRELVY","NRx",55323
"2022-05-01","OVERALL","OCGRP_NRx",135569
"2022-05-01","OVERALL","OCGRP_TRx",317756
"2022-05-01","NURTEC","TRx",148356
"2022-05-01","QULIPTA","TRx",38783
"2022-05-01","UBRELVY","TRx",130617
"2022-04-01","NURTEC","NRx",59793
"2022-04-01","QULIPTA","NRx",14467
"2022-04-01","UBRELVY","NRx",53239
"2022-04-01","OVERALL","OCGRP_NRx",127499
"2022-04-01","OVERALL","OCGRP_TRx",292687
"2022-04-01","NURTEC","TRx",140833
"2022-04-01","QULIPTA","TRx",31887
"2022-04-01","UBRELVY","TRx",119967
"2022-03-01","NURTEC","NRx",66806
"2022-03-01","QULIPTA","NRx",14442
"2022-03-01","UBRELVY","NRx",57764
"2022-03-01","OVERALL","OCGRP_NRx",139012
"2022-03-01","OVERALL","OCGRP_TRx",305904
"2022-03-01","NURTEC","TRx",152895
"2022-03-01","QULIPTA","TRx",27822
"2022-03-01","UBRELVY","TRx",125187
"2022-02-01","NURTEC","NRx",55981
"2022-02-01","QULIPTA","NRx",10328
"2022-02-01","UBRELVY","NRx",49423
"2022-02-01","OVERALL","OCGRP_NRx",115732
"2022-02-01","OVERALL","OCGRP_TRx",252154
"2022-02-01","NURTEC","TRx",127521
"2022-02-01","QULIPTA","TRx",17746
"2022-02-01","UBRELVY","TRx",106887
"2022-01-01","NURTEC","NRx",54523
"2022-01-01","QULIPTA","NRx",7463
"2022-01-01","UBRELVY","NRx",47520
"2022-01-01","OVERALL","OCGRP_NRx",109506
"2022-01-01","OVERALL","OCGRP_TRx",247266
"2022-01-01","NURTEC","TRx",127312
"2022-01-01","QULIPTA","TRx",12456
"2022-01-01","UBRELVY","TRx",107498
"2021-12-01","NURTEC","NRx",57150
"2021-12-01","QULIPTA","NRx",6810
"2021-12-01","UBRELVY","NRx",51042
"2021-12-01","OVERALL","OCGRP_NRx",115002
"2021-12-01","OVERALL","OCGRP_TRx",265689
"2021-12-01","NURTEC","TRx",137996
"2021-12-01","QULIPTA","TRx",9379
"2021-12-01","UBRELVY","TRx",118314
"2021-11-01","NURTEC","NRx",53280
"2021-11-01","QULIPTA","NRx",3630
"2021-11-01","UBRELVY","NRx",47975
"2021-11-01","OVERALL","OCGRP_NRx",104885
"2021-11-01","OVERALL","OCGRP_TRx",233854
"2021-11-01","NURTEC","TRx",122310
"2021-11-01","QULIPTA","TRx",4061
"2021-11-01","UBRELVY","TRx",107483
"2021-10-01","NURTEC","NRx",54857
"2021-10-01","QULIPTA","NRx",663
"2021-10-01","UBRELVY","NRx",46712
"2021-10-01","OVERALL","OCGRP_NRx",102232
"2021-10-01","OVERALL","OCGRP_TRx",221311
"2021-10-01","NURTEC","TRx",116134
"2021-10-01","QULIPTA","TRx",666
"2021-10-01","UBRELVY","TRx",104511
"2021-09-01","NURTEC","NRx",54613
"2021-09-01","UBRELVY","NRx",43098
"2021-09-01","OVERALL","OCGRP_NRx",97711
"2021-09-01","OVERALL","OCGRP_TRx",207441
"2021-09-01","NURTEC","TRx",110585
"2021-09-01","UBRELVY","TRx",96856
"2021-08-01","NURTEC","NRx",52655
"2021-08-01","UBRELVY","NRx",43329
"2021-08-01","OVERALL","OCGRP_NRx",95984
"2021-08-01","OVERALL","OCGRP_TRx",198602
"2021-08-01","NURTEC","TRx",101650
"2021-08-01","UBRELVY","TRx",96952
"2021-07-01","NURTEC","NRx",44224
"2021-07-01","UBRELVY","NRx",41742
"2021-07-01","OVERALL","OCGRP_NRx",85966
"2021-07-01","OVERALL","OCGRP_TRx",180447
"2021-07-01","NURTEC","TRx",87584
"2021-07-01","UBRELVY","TRx",92863
"2021-06-01","NURTEC","NRx",39184
"2021-06-01","UBRELVY","NRx",42382
"2021-06-01","OVERALL","OCGRP_NRx",81566
"2021-06-01","OVERALL","OCGRP_TRx",172894
"2021-06-01","NURTEC","TRx",79899
"2021-06-01","UBRELVY","TRx",92995
"2021-05-01","NURTEC","NRx",33198
"2021-05-01","UBRELVY","NRx",40749
"2021-05-01","OVERALL","OCGRP_NRx",73947
"2021-05-01","OVERALL","OCGRP_TRx",154541
"2021-05-01","NURTEC","TRx",68926
"2021-05-01","UBRELVY","TRx",85615
"2021-04-01","NURTEC","NRx",32481
"2021-04-01","UBRELVY","NRx",39837
"2021-04-01","OVERALL","OCGRP_NRx",72318
"2021-04-01","OVERALL","OCGRP_TRx",148786
"2021-04-01","NURTEC","TRx",65954
"2021-04-01","UBRELVY","TRx",82832
"2021-03-01","NURTEC","NRx",34382
"2021-03-01","UBRELVY","NRx",41711
"2021-03-01","OVERALL","OCGRP_NRx",76093
"2021-03-01","OVERALL","OCGRP_TRx",151767
"2021-03-01","NURTEC","TRx",67513
"2021-03-01","UBRELVY","TRx",84254
"2021-02-01","NURTEC","NRx",28838
"2021-02-01","UBRELVY","NRx",32896
"2021-02-01","OVERALL","OCGRP_NRx",61734
"2021-02-01","OVERALL","OCGRP_TRx",124230
"2021-02-01","NURTEC","TRx",57265
"2021-02-01","UBRELVY","TRx",66965
"2021-01-01","NURTEC","NRx",27956
"2021-01-01","UBRELVY","NRx",32758
"2021-01-01","OVERALL","OCGRP_NRx",60714
"2021-01-01","OVERALL","OCGRP_TRx",125539
"2021-01-01","NURTEC","TRx",58325
"2021-01-01","UBRELVY","TRx",67214
"2020-12-01","NURTEC","NRx",29624
"2020-12-01","UBRELVY","NRx",36286
"2020-12-01","OVERALL","OCGRP_NRx",65910
"2020-12-01","OVERALL","OCGRP_TRx",142689
"2020-12-01","NURTEC","TRx",64410
"2020-12-01","UBRELVY","TRx",78279
"2020-11-01","NURTEC","NRx",24843
"2020-11-01","UBRELVY","NRx",31199
"2020-11-01","OVERALL","OCGRP_NRx",56042
"2020-11-01","OVERALL","OCGRP_TRx",112745
"2020-11-01","NURTEC","TRx",50198
"2020-11-01","UBRELVY","TRx",62547
"2020-10-01","NURTEC","NRx",24751
"2020-10-01","UBRELVY","NRx",32220
"2020-10-01","OVERALL","OCGRP_NRx",56971
"2020-10-01","OVERALL","OCGRP_TRx",108669
"2020-10-01","NURTEC","TRx",46902
"2020-10-01","UBRELVY","TRx",61767
"2020-09-01","NURTEC","NRx",21507
"2020-09-01","UBRELVY","NRx",28860
"2020-09-01","OVERALL","OCGRP_NRx",50367
"2020-09-01","OVERALL","OCGRP_TRx",93896
"2020-09-01","NURTEC","TRx",39152
"2020-09-01","UBRELVY","TRx",54744
"2020-08-01","NURTEC","NRx",20378
"2020-08-01","UBRELVY","NRx",24794
"2020-08-01","OVERALL","OCGRP_NRx",45172
"2020-08-01","OVERALL","OCGRP_TRx",82652
"2020-08-01","NURTEC","TRx",34577
"2020-08-01","UBRELVY","TRx",48075
"2020-07-01","NURTEC","NRx",18153
"2020-07-01","UBRELVY","NRx",21449
"2020-07-01","OVERALL","OCGRP_NRx",39602
"2020-07-01","OVERALL","OCGRP_TRx",70561
"2020-07-01","NURTEC","TRx",28431
"2020-07-01","UBRELVY","TRx",42130
"2020-06-01","OVERALL","OCGRP_TRx",58372
"2020-06-01","NURTEC","TRx",21120
"2020-06-01","UBRELVY","TRx",37252
"2024-12-01","NURTEC","NRx",105978
"2024-12-01","QULIPTA","NRx",49789
"2024-12-01","UBRELVY","NRx",79826
"2024-12-01","ZAVZPRET","NRx",2946
"2024-12-01","OVERALL","OCGRP_NRx",235593
"2024-12-01","OVERALL","OCGRP_TRx",645593
"2024-12-01","NURTEC","TRx",290551
"2024-12-01","QULIPTA","TRx",144484
"2024-12-01","UBRELVY","TRx",210558
"2024-12-01","ZAVZPRET","TRx",6469
"2024-11-01","NURTEC","NRx",101954
"2024-11-01","QULIPTA","NRx",49415
"2024-11-01","UBRELVY","NRx",79179
"2024-11-01","ZAVZPRET","NRx",3115
"2024-11-01","OVERALL","OCGRP_NRx",230548
"2024-11-01","OVERALL","OCGRP_TRx",595872
"2024-11-01","NURTEC","TRx",264945
"2024-11-01","QULIPTA","TRx",135194
"2024-11-01","UBRELVY","TRx",195733
"2024-11-01","ZAVZPRET","TRx",5907
"2024-10-01","NURTEC","NRx",110966
"2024-10-01","QULIPTA","NRx",53174
"2024-10-01","UBRELVY","NRx",84470
"2024-10-01","ZAVZPRET","NRx",3297
"2024-10-01","OVERALL","OCGRP_NRx",248610
"2024-10-01","OVERALL","OCGRP_TRx",627692
"2024-10-01","NURTEC","TRx",283139
"2024-10-01","QULIPTA","TRx",140773
"2024-10-01","UBRELVY","TRx",203780
"2024-10-01","ZAVZPRET","TRx",6165
"2024-09-01","NURTEC","NRx",98792
"2024-09-01","QULIPTA","NRx",47091
"2024-09-01","UBRELVY","NRx",76200
"2024-09-01","ZAVZPRET","NRx",2682
"2024-09-01","OVERALL","OCGRP_NRx",222083
"2024-09-01","OVERALL","OCGRP_TRx",566380
"2024-09-01","NURTEC","TRx",255007
"2024-09-01","QULIPTA","TRx",125494
"2024-09-01","UBRELVY","TRx",185879
"2024-09-01","ZAVZPRET","TRx",5447
"2024-08-01","NURTEC","NRx",107215
"2024-08-01","QULIPTA","NRx",49309
"2024-08-01","UBRELVY","NRx",81250
"2024-08-01","ZAVZPRET","NRx",2934
"2024-08-01","OVERALL","OCGRP_NRx",237774
"2024-08-01","OVERALL","OCGRP_TRx",593121
"2024-08-01","NURTEC","TRx",265713
"2024-08-01","QULIPTA","TRx",130659
"2024-08-01","UBRELVY","TRx",196749
"2024-08-01","ZAVZPRET","TRx",5476
"2024-07-01","NURTEC","NRx",99212
"2024-07-01","QULIPTA","NRx",45624
"2024-07-01","UBRELVY","NRx",77982
"2024-07-01","ZAVZPRET","NRx",2490
"2024-07-01","OVERALL","OCGRP_NRx",222818
"2024-07-01","OVERALL","OCGRP_TRx",583893
"2024-07-01","NURTEC","TRx",260916
"2024-07-01","QULIPTA","TRx",128613
"2024-07-01","UBRELVY","TRx",194364
"2024-07-01","ZAVZPRET","TRx",5097
"2024-06-01","NURTEC","NRx",94799
"2024-06-01","QULIPTA","NRx",42132
"2024-06-01","UBRELVY","NRx",73562
"2024-06-01","ZAVZPRET","NRx",2514
"2024-06-01","OVERALL","OCGRP_NRx",210493
"2024-06-01","OVERALL","OCGRP_TRx",546418
"2024-06-01","NURTEC","TRx",248140
"2024-06-01","QULIPTA","TRx",116414
"2024-06-01","UBRELVY","TRx",181864
"2024-06-01","ZAVZPRET","TRx",4896
"2024-05-01","NURTEC","NRx",98698
"2024-05-01","QULIPTA","NRx",44296
"2024-05-01","UBRELVY","NRx",77560
"2024-05-01","ZAVZPRET","NRx",2668
"2024-05-01","OVERALL","OCGRP_NRx",220554
"2024-05-01","OVERALL","OCGRP_TRx",568819
"2024-05-01","NURTEC","TRx",256208
"2024-05-01","QULIPTA","TRx",121924
"2024-05-01","UBRELVY","TRx",190687
"2024-05-01","ZAVZPRET","TRx",5000
"2024-04-01","NURTEC","NRx",97129
"2024-04-01","QULIPTA","NRx",42080
"2024-04-01","UBRELVY","NRx",75072
"2024-04-01","ZAVZPRET","NRx",2517
"2024-04-01","OVERALL","OCGRP_NRx",214281
"2024-04-01","OVERALL","OCGRP_TRx",543385
"2024-04-01","NURTEC","TRx",247209
"2024-04-01","QULIPTA","TRx",114993
"2024-04-01","UBRELVY","TRx",181183
"2024-04-01","ZAVZPRET","TRx",4428
